Fecha,Aceites lubricantes,Asfalto ,Bunker,Ceras,Combustible turbo jet,Diesel bajo azufre,Diesel ultra bajo azufre,Gas licuado petroleo,Gasolina aviacion,Gasolina regular,Gasolina superior,Grasas lubricantes,Kerosina,Mezclas oleosas,Naftas,Petcoke,Petroleo crudo,Solventes,Butano,Diesel alto azufre,MTBE,Orimulsion,Petroleo reconstituido,Total,Anio
2001-01-01,0.0,27748.99,214581.84,0.0,0.0,0.0,0.0,194065.738095238,820.0,177776.5,373963.96,0.0,33834.03,0.0,0.0,0.0,0.0,0.0,0.0,566101.99,8402.0,0.0,715344.0,2312639.04809524,2001
2001-02-01,0.0,7503.57,294609.0,0.0,0.0,0.0,0.0,170703.380952381,3054.0,123115.99,243091.07,0.0,67439.95,0.0,0.0,0.0,0.0,0.0,0.0,489525.8,0.0,0.0,370166.0,1769208.76095238,2001
2001-03-01,0.0,26304.32,315263.8,0.0,0.0,0.0,0.0,161837.371428571,677.0,161726.42,312084.38,0.0,31787.29,0.0,0.0,0.0,0.0,0.0,0.0,575559.68,0.0,0.0,360530.0,1945770.26142857,2001
2001-04-01,0.0,7885.89,205653.0,0.0,0.0,0.0,0.0,163048.642857143,3399.0,127338.74,285054.89,0.0,25801.18,0.0,0.0,0.0,0.0,0.0,0.0,437745.42,8184.0,0.0,359527.0,1623637.76285714,2001
2001-05-01,0.0,8443.16,278371.3,0.0,0.0,0.0,0.0,171518.861904762,585.0,168730.19,300913.67,0.0,45529.33,0.0,0.0,0.0,0.0,0.0,0.0,552609.13,12680.0,0.0,723346.0,2262726.64190476,2001
2001-06-01,0.0,6229.04,218765.6,0.0,0.0,0.0,0.0,190004.419047619,492.0,152899.09,333217.19,0.0,64444.95,0.0,0.0,0.0,0.0,0.0,0.0,497855.26,0.0,0.0,360369.0,1824276.54904762,2001
2001-07-01,0.0,3103.99,156109.0,0.0,0.0,0.0,0.0,206022.833333333,655.0,136299.13,195071.86,0.0,23654.1,0.0,0.0,0.0,0.0,0.0,0.0,302350.02,10642.0,0.0,360570.0,1394477.93333333,2001
2001-08-01,0.0,27821.06,189692.6,0.0,0.0,0.0,0.0,100561.466666667,607.0,139365.07,268153.26,0.0,49890.61,0.0,0.0,0.0,0.0,0.0,0.0,464159.13,13357.0,0.0,719303.0,1972910.19666667,2001
2001-09-01,0.0,2324.85,385142.3,0.0,0.0,0.0,0.0,186839.023809524,3868.0,233643.75,308439.07,0.0,41519.91,0.0,0.0,0.0,0.0,0.0,0.0,321952.94,0.0,0.0,360635.0,1844364.84380952,2001
2001-10-01,0.0,1484.4,214138.0,0.0,0.0,0.0,0.0,163864.2,650.0,141550.22,305102.28,0.0,32657.33,0.0,0.0,0.0,0.0,0.0,0.0,438989.55,19431.0,0.0,717717.0,2035583.98,2001
2001-11-01,0.0,895.44,142282.26,0.0,0.0,0.0,0.0,194722.504761905,2988.0,165841.46,256638.19,0.0,23876.81,0.0,0.0,0.0,0.0,0.0,0.0,440245.35,0.0,0.0,356364.0,1583854.0147619,2001
2001-12-01,0.0,321.3,307427.2,0.0,0.0,0.0,0.0,194329.023809524,350.0,149217.67,277145.05,0.0,22948.95,0.0,0.0,0.0,0.0,0.0,0.0,479983.27,14822.0,0.0,366828.0,1813372.46380952,2001
2002-01-01,0.0,1978.12,332302.3,0.0,0.0,0.0,0.0,168422.620238095,0.0,178585.93,271479.0,0.0,25109.5,0.0,0.0,0.0,0.0,0.0,0.0,500041.32,11481.0,0.0,724812.0,2214211.79023809,2002
2002-02-01,0.0,114.0,285980.0,0.0,0.0,0.0,0.0,200141.357142857,3499.0,144447.25,365657.75,0.0,41050.42,0.0,0.0,0.0,0.0,0.0,0.0,686923.83,0.0,0.0,368318.0,2096131.60714286,2002
2002-03-01,0.0,2147.65,175483.3,0.0,0.0,0.0,0.0,193422.595238095,485.0,104673.64,246292.6,0.0,19066.89,0.0,0.0,0.0,0.0,0.0,0.0,432538.46,12350.0,0.0,730957.0,1917417.1352381,2002
2002-04-01,0.0,25060.0,358010.7,0.0,0.0,0.0,0.0,218257.510952381,441.0,190339.0,310256.3,0.0,33748.8,0.0,0.0,0.0,0.0,0.0,0.0,424667.36,0.0,0.0,365663.0,1926443.67095238,2002
2002-05-01,0.0,1170.05,307343.57,0.0,0.0,0.0,0.0,159299.417142857,534.0,194830.1,363311.76,0.0,33775.3,0.0,0.0,0.0,0.0,0.0,0.0,497781.66,13280.0,0.0,369420.0,1940745.85714286,2002
2002-06-01,0.0,3120.87,412133.78,0.0,0.0,0.0,0.0,210874.613095238,3138.0,137050.8,250123.19,0.0,6005.88,0.0,0.0,0.0,0.0,0.0,0.0,496826.62,17839.0,0.0,726775.0,2263887.75309524,2002
2002-07-01,0.0,584.36,242340.18,0.0,0.0,0.0,0.0,199708.547619048,488.0,222408.0,428842.8,0.0,18227.39,0.0,0.0,0.0,0.0,0.0,0.0,636727.84,0.0,0.0,365679.0,2115006.11761905,2002
2002-08-01,0.0,1268.58,346153.7,0.0,0.0,0.0,0.0,192213.738095238,3477.0,143795.0,298280.33,0.0,24692.87,0.0,0.0,0.0,0.0,0.0,0.0,346225.0,0.0,0.0,364878.0,1720984.21809524,2002
2002-09-01,0.0,5463.83,300348.73,0.0,0.0,0.0,0.0,190686.728571429,466.0,156956.9,331053.7,0.0,37242.2,0.0,0.0,0.0,0.0,0.0,0.0,638933.22,0.0,0.0,0.0,1661151.30857143,2002
2002-10-01,0.0,2158.97,343702.0,0.0,0.0,0.0,0.0,210871.19047619,2400.0,195426.8,352055.5,0.0,63543.82,0.0,0.0,0.0,0.0,0.0,0.0,703749.81,0.0,0.0,0.0,1873908.09047619,2002
2002-11-01,0.0,1707.57,508787.0,0.0,0.0,0.0,0.0,227595.857142857,582.0,153185.7,291188.76,0.0,33324.44,0.0,0.0,0.0,0.0,0.0,0.0,573289.5,0.0,0.0,0.0,1789660.82714286,2002
2002-12-01,0.0,1462.84,561334.63,0.0,0.0,0.0,0.0,192272.023809524,3379.0,167596.71,440677.81,0.0,47548.06,0.0,0.0,0.0,0.0,0.0,0.0,678749.64,0.0,0.0,0.0,2093020.71380952,2002
2003-01-01,0.0,2225.46,433367.1,0.0,0.0,0.0,0.0,237532.261904762,720.0,228269.5,425185.5,0.0,48243.38,0.0,0.0,0.0,0.0,0.0,0.0,797344.38,0.0,0.0,0.0,2172887.58190476,2003
2003-02-01,0.0,2497.86,333362.76,0.0,0.0,0.0,0.0,169819.0,254.0,214490.7,443849.85,0.0,74118.22,0.0,0.0,0.0,0.0,0.0,0.0,765912.66,0.0,0.0,0.0,2004305.05,2003
2003-03-01,0.0,5342.26,555012.3,0.0,0.0,0.0,0.0,221030.857142857,1203.0,161257.48,363352.66,0.0,20757.68,0.0,0.0,0.0,0.0,0.0,0.0,693942.31,0.0,0.0,0.0,2021898.54714286,2003
2003-04-01,0.0,5453.73,470787.51,0.0,0.0,0.0,0.0,192170.142857143,3520.0,189824.893,335444.69,0.0,71377.38,0.0,0.0,0.0,0.0,0.0,0.0,873103.096,0.0,0.0,0.0,2141681.44185714,2003
2003-05-01,0.0,10331.91,512728.76,0.0,0.0,0.0,0.0,185016.666666667,0.0,269981.86,459025.69,0.0,43468.04,0.0,0.0,0.0,0.0,0.0,0.0,625190.08,0.0,0.0,0.0,2105743.00666667,2003
2003-06-01,0.0,3188.55,334426.35,0.0,0.0,0.0,0.0,231805.033095238,3137.0,182254.23,372486.53,0.0,75168.64,0.0,0.0,0.0,0.0,0.0,0.0,671882.83,0.0,0.0,0.0,1874349.16309524,2003
2003-07-01,0.0,5942.79,475755.86,0.0,0.0,0.0,0.0,216504.928571429,906.0,133668.2,400922.97,0.0,29429.84,0.0,0.0,0.0,0.0,0.0,0.0,822014.55,0.0,0.0,0.0,2085145.13857143,2003
2003-08-01,0.0,7034.51,518231.66,0.0,0.0,0.0,0.0,209952.380952381,48.0,169903.86,292365.04,0.0,55600.7,0.0,0.0,0.0,0.0,0.0,0.0,494087.13,0.0,0.0,0.0,1747223.28095238,2003
2003-09-01,0.0,5189.42,360969.08,0.0,0.0,0.0,0.0,231499.19047619,0.0,177217.53,398192.16,0.0,66626.7,0.0,0.0,0.0,0.0,0.0,0.0,614913.68,0.0,0.0,0.0,1854607.76047619,2003
2003-10-01,0.0,7645.76,536918.24,0.0,0.0,0.0,0.0,216302.80952381,2719.0,181668.026,260219.92,0.0,61154.5,0.0,0.0,0.0,0.0,0.0,0.0,433084.99,0.0,0.0,0.0,1699713.24552381,2003
2003-11-01,0.0,6163.71,717557.85,0.0,0.0,0.0,0.0,232526.976190476,0.0,205624.08,393951.96,0.0,50841.7,0.0,0.0,0.0,0.0,0.0,0.0,627189.78,0.0,0.0,0.0,2233856.05619048,2003
2003-12-01,0.0,8962.13,286775.5,0.0,0.0,0.0,0.0,214489.857142857,2649.0,161477.73,296780.15,0.0,67894.9,0.0,0.0,0.0,0.0,0.0,0.0,745524.88,0.0,0.0,0.0,1784554.14714286,2003
2004-01-01,0.0,8309.85,475730.96,0.0,0.0,0.0,0.0,251271.547619048,0.0,173427.23,368235.14,0.0,59343.1,0.0,0.0,155510.025,0.0,0.0,0.0,762385.45,0.0,0.0,0.0,2254213.30261905,2004
2004-02-01,0.0,10379.19,348162.02,0.0,0.0,0.0,0.0,197730.285714286,0.0,147939.23,281891.97,0.0,49226.2,0.0,0.0,0.0,0.0,0.0,0.0,460947.5,0.0,249982.7,0.0,1746259.09571429,2004
2004-03-01,0.0,12318.35,474292.6,0.0,0.0,0.0,0.0,253366.119047619,2300.0,275539.38,486880.82,0.0,47021.8,0.0,0.0,144859.0,0.0,0.0,0.0,772128.26,0.0,0.0,0.0,2468706.32904762,2004
2004-04-01,0.0,14014.84,415311.51,0.0,0.0,0.0,0.0,206671.880952381,2920.0,245156.34,415426.0,0.0,58717.9,0.0,0.0,0.0,0.0,0.0,0.0,809194.95,0.0,311711.21,0.0,2479124.63095238,2004
2004-05-01,0.0,13384.38,238958.31,0.0,0.0,0.0,0.0,202368.214285714,0.0,178387.8,350052.95,0.0,71209.2,0.0,0.0,137087.5,0.0,0.0,0.0,634209.64,0.0,0.0,0.0,1825657.99428571,2004
2004-06-01,0.0,15485.81,533789.63,0.0,0.0,0.0,0.0,231850.333333333,0.0,133341.0,311238.01,0.0,90154.8,0.0,0.0,0.0,0.0,0.0,0.0,461381.79,0.0,311270.32,0.0,2088511.69333333,2004
2004-07-01,0.0,14504.73,108059.0,0.0,0.0,0.0,0.0,220449.261904762,257.0,152075.75,249710.687,0.0,13662.0,0.0,0.0,155914.0,0.0,0.0,0.0,467154.31,0.0,0.0,0.0,1381786.73890476,2004
2004-08-01,0.0,13756.04,315109.0,0.0,0.0,0.0,0.0,215881.071428571,3375.0,208592.85,434578.12,0.0,79589.7,0.0,0.0,0.0,0.0,0.0,0.0,669462.53,0.0,315915.92,0.0,2256260.23142857,2004
2004-09-01,0.0,14546.91,434142.76,0.0,0.0,0.0,0.0,252058.261904762,0.0,218499.24,420550.29,0.0,69168.5,0.0,0.0,146223.0,0.0,0.0,0.0,714039.85,0.0,0.0,0.0,2269228.81190476,2004
2004-10-01,0.0,11315.28,411472.34,0.0,0.0,0.0,0.0,208715.476190476,697.0,201907.67,366886.3,0.0,82916.5,0.0,0.0,0.0,0.0,0.0,0.0,655715.05,0.0,313440.96,0.0,2253066.57619048,2004
2004-11-01,0.0,2029.03,293179.62,0.0,0.0,0.0,0.0,195645.452380952,1647.0,215838.32,434710.94,0.0,49233.0,0.0,0.0,152894.5,0.0,0.0,0.0,726697.88,0.0,318754.0,0.0,2390629.74238095,2004
2004-12-01,0.0,2090.04,243611.33,0.0,0.0,0.0,0.0,278688.523809524,1396.0,227094.71,433149.96,0.0,59035.3,0.0,0.0,0.0,0.0,0.0,0.0,781266.61,0.0,0.0,0.0,2026332.47380952,2004
2005-01-01,0.0,10798.98,318657.9,0.0,0.0,0.0,0.0,226452.50001,3105.0,202374.33,257867.99,0.0,33986.0,0.0,0.0,141267.5,0.0,0.0,0.0,663058.79,0.0,338810.04,0.0,2196379.03001,2005
2005-02-01,0.0,13495.3,303067.68,0.0,0.0,0.0,0.0,179212.81052381,0.0,178104.72,306660.39,0.0,62584.2,0.0,0.0,0.0,0.0,0.0,0.0,683664.39,0.0,0.0,0.0,1726789.49052381,2005
2005-03-01,0.0,17405.13,436935.02,0.0,0.0,0.0,0.0,271163.048619048,3100.0,217667.69,431907.81,0.0,70706.0,0.0,0.0,147361.5,0.0,0.0,0.0,778645.07,0.0,0.0,0.0,2374891.26861905,2005
2005-04-01,0.0,13520.46,339926.16,0.0,0.0,0.0,0.0,187599.952380952,0.0,234492.03,534151.81,0.0,48655.1,0.0,0.0,137890.5,0.0,0.0,0.0,708164.74,0.0,316798.0,0.0,2521198.75238095,2005
2005-05-01,0.0,16284.91,572328.31,0.0,0.0,0.0,0.0,243625.261904762,3365.0,192734.4,378616.3,0.0,61188.2,0.0,0.0,134700.5,0.0,0.0,0.0,875087.62,0.0,344685.0,0.0,2822615.50190476,2005
2005-06-01,0.0,16063.2,471302.18,0.0,0.0,0.0,0.0,256001.380952381,609.0,243343.68,537398.43,0.0,35505.9,0.0,0.0,0.0,0.0,0.0,0.0,1041016.72,0.0,0.0,0.0,2601240.49095238,2005
2005-07-01,0.0,10382.08,447607.75,0.0,0.0,0.0,0.0,351089.642857143,673.0,175946.3,363410.9,0.0,57335.2,0.0,0.0,147994.0,0.0,0.0,0.0,770731.74,0.0,312030.0,0.0,2637200.61285714,2005
2005-08-01,0.0,13408.17,201638.98,0.0,0.0,0.0,0.0,115098.571428571,0.0,173810.38,566618.55,0.0,24343.0,0.0,0.0,0.0,0.0,0.0,0.0,815435.2,0.0,0.0,0.0,1910352.85142857,2005
2005-09-01,0.0,19894.97,184318.28,0.0,0.0,0.0,0.0,461957.152380952,177.0,81015.3,193484.5,0.0,65426.3,0.0,0.0,147735.5,0.0,0.0,0.0,229764.74,0.0,329946.0,0.0,1713719.74238095,2005
2005-10-01,0.0,4807.49,280596.41,0.0,0.0,0.0,0.0,456714.285714286,2884.0,145325.65,528877.09,0.0,64975.7,0.0,0.0,0.0,0.0,0.0,0.0,671848.94,0.0,0.0,0.0,2156029.56571429,2005
2005-11-01,0.0,10934.29,425553.13,0.0,0.0,0.0,0.0,127819.833333333,3076.0,266018.37,348687.81,0.0,33635.1,0.0,0.0,150007.0,0.0,0.0,0.0,635553.46,0.0,0.0,0.0,2001284.99333333,2005
2005-12-01,0.0,6643.0,284168.38,0.0,0.0,0.0,0.0,456441.071428571,357.0,107374.0,360807.0,0.0,39994.7,0.0,0.0,147460.5,0.0,0.0,0.0,1212610.53,0.0,325083.0,0.0,2940939.18142857,2005
2006-01-01,0.0,4073.0,311221.28,0.0,0.0,0.0,0.0,461915.80953381,0.0,348503.85,711860.77,0.0,64569.8,0.0,0.0,0.0,0.0,0.0,0.0,708730.84,0.0,312673.0,0.0,2923548.34953381,2006
2006-02-01,0.0,6134.0,121036.31,0.0,0.0,0.0,0.0,139318.215285714,3577.0,145048.2,262170.9,0.0,44797.3,0.0,0.0,0.0,0.0,0.0,0.0,767710.63,0.0,0.0,0.0,1489792.55528571,2006
2006-03-01,0.0,11054.0,429837.61,0.0,0.0,0.0,0.0,385287.405761905,548.0,285783.25,408065.34,0.0,52658.4,0.0,0.0,147746.5,0.0,0.0,0.0,744721.94,0.0,0.0,0.0,2465702.4457619,2006
2006-04-01,0.0,8145.0,287959.04,0.0,0.0,0.0,0.0,317756.142857143,3423.0,238824.61,421300.82,0.0,36823.5,0.0,0.0,151635.0,0.0,0.0,0.0,935306.58,0.0,0.0,0.0,2401173.69285714,2006
2006-05-01,0.0,14644.0,764099.76,0.0,0.0,0.0,0.0,134526.047619048,3615.0,134212.3,312024.7,0.0,72698.3,0.0,0.0,0.0,0.0,0.0,0.0,822556.45,0.0,0.0,0.0,2258376.55761905,2006
2006-06-01,0.0,16453.0,367297.31,0.0,0.0,0.0,0.0,347549.30952381,190.0,211562.74,394014.85,0.0,35949.4,0.0,0.0,151250.0,0.0,0.0,0.0,361207.59,0.0,0.0,0.0,1885474.19952381,2006
2006-07-01,0.0,9178.0,385553.32,0.0,0.0,0.0,0.0,140074.428571429,452.0,180942.18,375951.16,0.0,68151.6,0.0,0.0,150425.0,0.0,0.0,0.0,971716.72,0.0,0.0,0.0,2282444.40857143,2006
2006-08-01,0.0,7880.0,318166.29,0.0,0.0,0.0,0.0,434013.190476191,0.0,147245.49,313326.86,0.0,50939.8,0.0,0.0,0.0,0.0,0.0,0.0,603747.33,0.0,0.0,0.0,1875318.96047619,2006
2006-09-01,0.0,4588.0,461459.78,0.0,0.0,0.0,0.0,457683.238095238,452.0,366193.77,525623.15,0.0,50012.6,0.0,0.0,150349.65,0.0,0.0,0.0,473431.31,0.0,0.0,0.0,2489793.49809524,2006
2006-10-01,0.0,6380.0,446660.88,0.0,0.0,0.0,0.0,130938.666666667,4808.0,153997.35,285505.0,0.0,47546.0,0.0,0.0,145937.825,0.0,0.0,0.0,1220719.64,0.0,0.0,0.0,2442493.36166667,2006
2006-11-01,0.0,10985.0,321841.37,0.0,0.0,0.0,0.0,492063.428571429,381.0,171327.01,428590.5,0.0,31977.4,0.0,0.0,149110.665,0.0,0.0,0.0,431874.86,0.0,0.0,0.0,2038151.23357143,2006
2006-12-01,0.0,5775.0,612637.14,0.0,0.0,0.0,0.0,112912.80952381,1717.0,234319.3,395132.09,0.0,53294.1,0.0,0.0,148978.28,0.0,0.0,0.0,890336.68,0.0,0.0,0.0,2455102.39952381,2006
2007-01-01,0.0,11252.0,419881.17,0.0,0.0,0.0,0.0,308348.523819524,381.0,289550.59,523730.31,0.0,65308.3,0.0,0.0,0.0,0.0,0.0,0.0,818060.57,0.0,0.0,0.0,2436512.46381952,2007
2007-02-01,0.0,10997.0,442208.81,0.0,0.0,0.0,0.0,295082.834333333,3553.0,299077.04,401855.41,0.0,57695.4,0.0,0.0,165044.0,0.0,0.0,0.0,822325.65,0.0,0.0,0.0,2497839.14433333,2007
2007-03-01,0.0,10292.0,676389.41,0.0,0.0,0.0,0.0,399387.215285714,571.0,326317.75,541817.85,0.0,51860.1,0.0,0.0,0.0,0.0,0.0,0.0,569451.85,0.0,0.0,0.0,2576087.17528571,2007
2007-04-01,0.0,11437.0,576702.01,0.0,0.0,0.0,0.0,391790.785714286,2541.0,94844.9,203441.33,0.0,83496.7,0.0,0.0,166886.5,0.0,0.0,0.0,850138.11,0.0,0.0,0.0,2381278.33571429,2007
2007-05-01,0.0,10752.0,390428.07,0.0,0.0,0.0,0.0,132106.595238095,381.0,238404.83,545587.63,0.0,23476.0,0.0,0.0,149550.5,0.0,0.0,0.0,793887.04,0.0,0.0,0.0,2284573.6652381,2007
2007-06-01,0.0,6891.0,635979.48,0.0,0.0,0.0,0.0,553252.047619048,0.0,170064.98,441537.39,0.0,82309.9,0.0,0.0,148676.0,0.0,0.0,0.0,855757.14,0.0,0.0,0.0,2894467.93761905,2007
2007-07-01,0.0,12327.0,746956.76,0.0,0.0,0.0,0.0,153167.785714286,3220.0,227660.47,451180.82,0.0,47604.1,0.0,0.0,152834.0,0.0,0.0,0.0,1118432.25,0.0,0.0,0.0,2913383.18571429,2007
2007-08-01,0.0,9273.0,741692.2,0.0,0.0,0.0,0.0,309647.071428571,476.0,351306.27,501840.27,0.0,82558.6,0.0,0.0,0.0,0.0,0.0,0.0,824047.47,0.0,0.0,0.0,2820840.88142857,2007
2007-09-01,0.0,11535.7,425995.94,0.0,0.0,0.0,0.0,183484.880952381,2784.0,181015.83,336120.81,0.0,68630.1,0.0,0.0,167480.5,0.0,0.0,0.0,497008.84,0.0,0.0,0.0,1874056.60095238,2007
2007-10-01,0.0,9690.1,422763.8,0.0,0.0,0.0,0.0,486194.880952381,190.0,312120.18,376377.75,0.0,77376.5,0.0,0.0,0.0,0.0,0.0,0.0,885924.86,0.0,0.0,0.0,2570638.07095238,2007
2007-11-01,0.0,10134.1,92054.55,0.0,0.0,0.0,0.0,148627.357142857,2229.0,289282.55,512550.51,0.0,53092.1,0.0,0.0,0.0,0.0,0.0,0.0,665114.83,0.0,0.0,0.0,1773084.99714286,2007
2007-12-01,0.0,9846.0,585035.81,0.0,0.0,0.0,0.0,371098.404761905,95.0,222108.35,542916.97,0.0,58973.5,0.0,0.0,311674.0,0.0,0.0,0.0,812776.59,0.0,0.0,0.0,2914524.6247619,2007
2008-01-01,0.0,7227.0,357826.0,0.0,0.0,0.0,0.0,522670.523819524,2726.2,107885.65,204788.3,0.0,55618.1,0.0,0.0,0.0,0.0,0.0,0.0,613819.33,0.0,0.0,0.0,1872561.10381952,2008
2008-02-01,0.0,3575.0,596066.54,0.0,0.0,0.0,0.0,126941.215285714,2442.5,234830.1,545139.83,0.0,63895.1,0.0,0.0,0.0,0.0,0.0,0.0,500922.23,0.0,0.0,0.0,2073812.51528571,2008
2008-03-01,0.0,10375.2,280414.7,0.0,0.0,0.0,0.0,321294.762904762,95.2,241800.33,405713.48,0.0,73114.4,0.0,0.0,146640.065,0.0,0.0,0.0,1095743.35,0.0,0.0,0.0,2575191.48790476,2008
2008-04-01,0.0,11902.8,644339.91,0.0,0.0,0.0,0.0,296531.952380952,285.7,271554.27,570256.98,0.0,61215.0,0.0,0.0,149627.39,0.0,0.0,0.0,682042.07,0.0,0.0,0.0,2687756.07238095,2008
2008-05-01,0.0,17890.0,848575.95,0.0,0.0,0.0,0.0,506589.785714286,3093.2,242628.16,424954.88,0.0,64572.9,0.0,0.0,150762.095,0.0,0.0,0.0,710464.76,0.0,0.0,0.0,2969531.73071429,2008
2008-06-01,0.0,8087.0,257332.45,0.0,0.0,0.0,0.0,135630.476190476,190.5,177838.7,273398.73,0.0,73918.8,0.0,0.0,0.0,0.0,0.0,0.0,817804.84,0.0,0.0,0.0,1744201.49619048,2008
2008-07-01,0.0,9947.0,549352.9,0.0,0.0,0.0,0.0,365117.619047619,190.5,232129.2,384549.7,0.0,50621.0,0.0,0.0,150155.5,0.0,0.0,0.0,541486.15,0.0,0.0,0.0,2283549.56904762,2008
2008-08-01,0.0,4575.2,512005.35,0.0,0.0,0.0,0.0,124909.190476191,171.4,138376.72,241881.47,0.0,61346.3,0.0,0.0,148500.0,0.0,0.0,0.0,713650.52,0.0,0.0,0.0,1945416.15047619,2008
2008-09-01,0.0,2631.0,265932.42,0.0,0.0,0.0,0.0,290330.738095238,1178.6,290621.26,423244.17,0.0,31940.5,0.0,0.0,149060.89,0.0,0.0,0.0,544521.54,0.0,0.0,0.0,1999461.11809524,2008
2008-10-01,0.0,7436.1,193916.4,0.0,0.0,0.0,0.0,515833.095238095,3273.7,358036.44,329762.3,0.0,81679.0,0.0,0.0,0.0,0.0,0.0,0.0,344273.02,0.0,0.0,0.0,1834210.0552381,2008
2008-11-01,0.0,4910.9,467765.33,0.0,0.0,0.0,0.0,304780.714285714,190.5,170365.32,386365.05,0.0,40478.6,0.0,0.0,0.0,0.0,0.0,0.0,809439.42,0.0,0.0,0.0,2184295.83428571,2008
2008-12-01,0.0,1132.0,321373.52,0.0,0.0,0.0,0.0,265854.166666667,3380.0,238398.92,458949.42,0.0,32909.5,0.0,0.0,0.0,0.0,0.0,0.0,524038.42,0.0,0.0,0.0,1846035.94666667,2008
2009-01-01,0.0,4814.0,462619.815238095,0.0,0.0,0.0,0.0,440807.214295714,285.7,202484.534761905,382300.56,0.0,51282.7,0.0,0.0,165846.175,0.0,0.0,0.0,941535.71,0.0,0.0,0.0,2651976.40929571,2009
2009-02-01,0.0,6513.0,316669.93,0.0,0.0,0.0,0.0,308898.19147619,187.7,588346.36,522820.81,0.0,60857.2,0.0,0.0,0.0,0.0,0.0,0.0,914059.4,0.0,0.0,0.0,2718352.59147619,2009
2009-03-01,0.0,5116.0,249980.94,0.0,0.0,0.0,0.0,116357.429571429,2925.0,298459.25,626630.99,0.0,56965.6,0.0,0.0,0.0,0.0,0.0,0.0,893473.8,0.0,0.0,0.0,2249909.00957143,2009
2009-04-01,0.0,4374.0,375412.12,0.0,0.0,0.0,0.0,382796.619047619,93.7,182218.96,348267.66,0.0,52516.3,0.0,0.0,0.0,0.0,0.0,0.0,816840.02,0.0,0.0,0.0,2162519.37904762,2009
2009-05-01,0.0,8390.0,1051763.66,0.0,0.0,0.0,0.0,108032.642857143,256.4,377337.48,341700.48,0.0,20718.6,0.0,0.0,165000.0,0.0,0.0,0.0,621339.93,0.0,0.0,0.0,2694539.19285714,2009
2009-06-01,0.0,2002.0,598780.49,0.0,0.0,0.0,0.0,439954.523809524,273.8,363676.29,589337.79,0.0,63788.0,0.0,0.0,0.0,0.0,0.0,0.0,735260.51,0.0,0.0,0.0,2793073.40380952,2009
2009-07-01,0.0,6156.0,427219.03,0.0,0.0,0.0,0.0,451892.833333333,723.6,363911.51,337172.65,0.0,40926.6,0.0,0.0,0.0,0.0,0.0,0.0,850806.89,0.0,0.0,0.0,2478809.11333333,2009
2009-08-01,0.0,7442.0,454739.68,0.0,0.0,0.0,0.0,151179.476190476,3389.7,210495.68,476525.36,0.0,68002.4,0.0,0.0,0.0,0.0,0.0,0.0,842742.17,0.0,0.0,0.0,2214516.46619048,2009
2009-09-01,0.0,6757.0,417863.18,0.0,0.0,0.0,0.0,265512.404761905,186.3,161783.68,321728.95,0.0,48160.7,0.0,0.0,165190.905,0.0,0.0,0.0,611966.22,0.0,0.0,0.0,1999149.3397619,2009
2009-10-01,0.0,7998.0,547485.85,0.0,0.0,0.0,0.0,294299.571428571,187.0,375067.23,639524.61,0.0,53069.8,0.0,0.0,0.0,0.0,0.0,0.0,869366.31,0.0,0.0,0.0,2786998.37142857,2009
2009-11-01,0.0,6446.0,762745.04,0.0,0.0,0.0,0.0,543498.523809524,4171.9,201213.1,321859.44,0.0,42081.9,0.0,0.0,148528.875,0.0,0.0,0.0,894309.88,0.0,0.0,0.0,2924854.65880952,2009
2009-12-01,0.0,5081.0,444330.26,0.0,0.0,0.0,0.0,121256.642857143,0.0,291525.48,435416.18,0.0,31007.8,0.0,0.0,144490.005,0.0,0.0,0.0,1144960.66,0.0,0.0,0.0,2618068.02785714,2009
2010-01-01,0.0,7549.0,407232.9,0.0,0.0,0.0,0.0,437042.333333333,0.0,173918.35,318949.72,0.0,69541.7,0.0,0.0,0.0,0.0,0.0,0.0,905803.65,0.0,0.0,0.0,2320037.65333333,2010
2010-02-01,0.0,10200.0,393505.01,0.0,0.0,0.0,0.0,410846.404761905,3584.0,336005.72,492452.55,0.0,62958.8,0.0,0.0,0.0,0.0,0.0,0.0,447271.92,0.0,0.0,0.0,2156824.4047619,2010
2010-03-01,0.0,11286.1,380305.39,0.0,0.0,0.0,0.0,148495.380952381,0.0,157798.77,303762.94,0.0,33008.7,0.0,0.0,149642.955,0.0,0.0,0.0,947702.88,0.0,0.0,0.0,2132003.11595238,2010
2010-04-01,0.0,12568.7,593178.8,0.0,0.0,0.0,0.0,410001.095238095,0.0,433108.23,562996.07,0.0,42911.9,0.0,0.0,165852.225,0.0,0.0,0.0,613011.21,0.0,0.0,0.0,2833628.2302381,2010
2010-05-01,0.0,6994.1,349801.7,0.0,0.0,0.0,0.0,230584.595238095,3139.0,279926.95,429729.38,0.0,59512.7,0.0,0.0,164467.765,0.0,0.0,0.0,1086036.16,0.0,0.0,0.0,2610192.35023809,2010
2010-06-01,0.0,2940.0,117297.2,0.0,0.0,0.0,0.0,344683.095238095,0.0,281834.46,464310.8,0.0,58930.1,0.0,0.0,0.0,0.0,0.0,0.0,587828.26,0.0,0.0,0.0,1857823.9152381,2010
2010-07-01,0.0,4133.0,411546.82,0.0,0.0,0.0,0.0,461977.952380952,3178.0,241994.24,456588.39,0.0,40989.8,0.0,0.0,145426.27,0.0,0.0,0.0,712889.93,0.0,0.0,0.0,2478724.40238095,2010
2010-08-01,0.0,2082.0,212442.7,0.0,0.0,0.0,0.0,236164.30952381,0.0,282509.24,475714.12,0.0,65212.0,0.0,0.0,0.0,0.0,0.0,0.0,637252.29,0.0,0.0,0.0,1911376.65952381,2010
2010-09-01,0.0,4161.0,135187.0,0.0,0.0,0.0,0.0,144381.785714286,0.0,208796.02,321134.56,0.0,15663.5,0.0,0.0,0.0,0.0,0.0,0.0,741721.42,0.0,0.0,0.0,1571045.28571429,2010
2010-10-01,0.0,5352.0,301559.2,0.0,0.0,0.0,0.0,328472.595238095,3161.0,392100.62,493794.29,0.0,43634.6,0.0,0.0,0.0,0.0,0.0,0.0,630692.56,0.0,0.0,0.0,2198766.86523809,2010
2010-11-01,0.0,7402.0,331749.27,0.0,0.0,0.0,0.0,540671.880952381,0.0,139547.73,241062.76,0.0,56430.0,0.0,0.0,0.0,0.0,0.0,0.0,565627.54,0.0,0.0,0.0,1882491.18095238,2010
2010-12-01,0.0,4246.5,162229.5,0.0,0.0,0.0,0.0,286501.738095238,2308.0,430857.95,652210.77,0.0,44591.6,0.0,0.0,0.0,0.0,0.0,0.0,1135293.92,0.0,0.0,0.0,2718239.97809524,2010
2011-01-01,0.0,5497.35714285714,263229.32,0.0,0.0,0.0,0.0,511518.142857143,0.0,253700.82,391997.54,0.0,69631.1,0.0,0.0,166651.76,0.0,0.0,0.0,1033948.69,0.0,0.0,0.0,2696174.73,2011
2011-02-01,0.0,7033.0,423634.9,0.0,0.0,0.0,0.0,313877.166666667,2351.0,343582.85,437769.48,0.0,43055.9,0.0,0.0,164990.32,0.0,0.0,0.0,772775.58,0.0,0.0,0.0,2509070.19666667,2011
2011-03-01,0.0,10007.9047619048,138202.1,0.0,0.0,0.0,0.0,297190.30952381,0.0,291087.16,445920.27,0.0,33888.8,0.0,0.0,0.0,0.0,0.0,0.0,707536.31,0.0,0.0,0.0,1923832.85428571,2011
2011-04-01,0.0,5721.78571428572,652855.72,0.0,0.0,0.0,0.0,426380.214285714,0.0,326003.71,357349.67,0.0,46347.0,0.0,0.0,209682.55,0.0,0.0,0.0,767445.36,0.0,0.0,0.0,2791786.01,2011
2011-05-01,0.0,4086.0,423250.92,0.0,0.0,0.0,0.0,238374.119047619,2150.0,326566.61,433038.13,0.0,51018.2,0.0,0.0,0.0,0.0,0.0,0.0,918940.44,0.0,0.0,0.0,2397424.41904762,2011
2011-06-01,0.0,6274.88095238095,665240.82,0.0,0.0,0.0,0.0,345196.285714286,3341.0,230990.13,354604.94,0.0,24115.3,0.0,0.0,148503.355,0.0,0.0,0.0,553883.42,0.0,0.0,0.0,2332150.13166667,2011
2011-07-01,0.0,11323.380952381,394362.55,0.0,0.0,0.0,0.0,148988.5,0.0,188581.4,369694.76,0.0,44399.6,0.0,0.0,328990.035,0.0,0.0,0.0,734958.54,0.0,0.0,0.0,2221298.76595238,2011
2011-08-01,0.0,9067.45238095238,259425.58,0.0,0.0,0.0,0.0,565627.928571429,2176.0,201844.49,270765.31,0.0,61586.21,0.0,0.0,0.0,0.0,0.0,0.0,1014324.28,0.0,0.0,0.0,2384817.25095238,2011
2011-09-01,0.0,9462.40476190476,335474.56,0.0,0.0,0.0,0.0,382310.380952381,0.0,260669.22,335803.82,0.0,60244.42,0.0,0.0,166170.51,0.0,0.0,0.0,795554.71,0.0,0.0,0.0,2345690.02571429,2011
2011-10-01,0.0,8582.21428571429,175576.95,0.0,0.0,0.0,0.0,319091.047619048,1669.0,239711.91,351555.66,0.0,55766.77,0.0,0.0,0.0,0.0,0.0,0.0,612133.26,0.0,0.0,0.0,1764086.81190476,2011
2011-11-01,0.0,11408.5238095238,203510.32,0.0,0.0,0.0,0.0,384368.357142857,0.0,237803.48,450212.8,0.0,45729.26,0.0,0.0,0.0,0.0,0.0,0.0,575406.48,0.0,0.0,0.0,1908439.22095238,2011
2011-12-01,0.0,11628.0714285714,244547.16,0.0,0.0,0.0,0.0,141052.547619048,2114.0,367820.54,534925.36,0.0,53946.68,0.0,0.0,0.0,0.0,0.0,0.0,732921.03,0.0,0.0,0.0,2088955.38904762,2011
2012-01-01,0.0,13869.7380952381,192178.43,0.0,0.0,0.0,0.0,481781.476190476,0.0,318283.44,434648.17,0.0,27960.8,0.0,0.0,332101.495,0.0,0.0,0.0,790123.23,0.0,0.0,0.0,2590946.77928571,2012
2012-02-01,0.0,5723.19047619048,56299.0,0.0,0.0,0.0,0.0,162561.285714286,2220.0,253583.96,372893.49,0.0,75397.69,0.0,0.0,167575.155,0.0,0.0,0.0,887963.98,0.0,0.0,0.0,1984217.75119048,2012
2012-03-01,0.0,16175.6904761905,486502.56,0.0,0.0,0.0,0.0,521493.738095238,0.0,255492.16,354160.85,0.0,40494.61,0.0,0.0,0.0,0.0,0.0,0.0,978693.29,0.0,0.0,0.0,2653012.89857143,2012
2012-04-01,0.0,8865.02380952381,424997.52,0.0,0.0,0.0,0.0,131958.404761905,2646.0,189948.79,399701.69,0.0,21732.04,0.0,0.0,0.0,0.0,0.0,0.0,697871.28,0.0,0.0,0.0,1877720.74857143,2012
2012-05-01,0.0,12714.5,427414.42,0.0,0.0,0.0,0.0,510506.80952381,1551.0,241786.29,380531.85,0.0,70939.56,0.0,0.0,169754.09,0.0,0.0,0.0,833370.09,0.0,0.0,0.0,2648568.60952381,2012
2012-06-01,0.0,5405.19047619048,490228.51,0.0,0.0,0.0,0.0,527672.261904762,1870.0,320566.69,550379.33,0.0,47391.7,0.0,0.0,0.0,0.0,0.0,0.0,767124.65,0.0,0.0,0.0,2710638.33238095,2012
2012-07-01,0.0,11297.6904761905,293113.09,0.0,0.0,0.0,0.0,165424.214285714,0.0,142232.47,271509.2,0.0,70228.77,0.0,0.0,0.0,0.0,0.0,0.0,1021995.9,0.0,0.0,0.0,1975801.33476191,2012
2012-08-01,0.0,13907.619047619,76969.26,0.0,0.0,0.0,0.0,387892.071428571,0.0,263677.23,361307.2,0.0,65574.8,0.0,0.0,148916.295,0.0,0.0,0.0,626706.23,0.0,0.0,0.0,1944950.70547619,2012
2012-09-01,0.0,6813.85714285714,323767.51,0.0,0.0,0.0,0.0,530897.785714286,2766.0,201347.56,372989.29,0.0,56595.7,0.0,0.0,0.0,0.0,0.0,0.0,619651.27,0.0,0.0,0.0,2114828.97285714,2012
2012-10-01,0.0,2242.11904761905,378149.37,0.0,0.0,0.0,0.0,162208.428571429,0.0,374301.51,600094.03,0.0,33639.0,0.0,0.0,0.0,0.0,0.0,0.0,463054.77,0.0,0.0,0.0,2013689.22761905,2012
2012-11-01,0.0,0.0,456468.18,0.0,0.0,0.0,0.0,569345.857142857,2651.0,197398.8,359818.54,0.0,37111.56,0.0,0.0,147071.21,0.0,0.0,0.0,538552.89,0.0,0.0,0.0,2308418.03714286,2012
2012-12-01,0.0,0.0,273182.16,0.0,0.0,0.0,0.0,152926.761904762,95.2,287980.58,419029.17,0.0,43950.37,0.0,0.0,149085.145,0.0,0.0,0.0,1324780.96,0.0,0.0,0.0,2651030.34690476,2012
2013-01-01,0.0,0.0,361207.18,0.0,0.0,0.0,0.0,575318.452380952,190.48,396416.84,433924.69,0.0,57437.01,0.0,0.0,150030.485,0.0,0.0,0.0,749266.68,0.0,0.0,0.0,2723791.81738095,2013
2013-02-01,0.0,0.0,325080.1,0.0,0.0,0.0,0.0,142772.80952381,1047.62,235502.58,470483.98,0.0,55641.8,0.0,0.0,168305.17,0.0,0.0,0.0,709843.02,0.0,0.0,0.0,2108677.07952381,2013
2013-03-01,0.0,3879.0,231802.56,0.0,0.0,0.0,0.0,569013.238095238,3183.88,439386.62,429974.17,0.0,19570.11,0.0,0.0,0.0,0.0,0.0,0.0,832627.57,0.0,0.0,0.0,2529437.14809524,2013
2013-04-01,0.0,0.0,337655.21,0.0,0.0,0.0,0.0,508649.452380952,0.0,274680.65,430259.18,0.0,50291.42,0.0,0.0,0.0,0.0,0.0,0.0,860094.78,0.0,0.0,0.0,2461630.69238095,2013
2013-05-01,0.0,0.0,331393.56,0.0,0.0,0.0,0.0,181461.595238095,797.62,281823.2,532379.66,0.0,73024.85,0.0,0.0,180944.225,0.0,0.0,0.0,1202187.85,0.0,0.0,0.0,2784012.5602381,2013
2013-06-01,0.0,34302.05,365997.74,0.0,0.0,0.0,0.0,536847.166666667,1196.47,293808.6,284038.03,0.0,75416.48,0.0,0.0,167235.475,0.0,0.0,0.0,729711.88,0.0,0.0,0.0,2488553.89166667,2013
2013-07-01,0.0,0.0,113165.55,0.0,0.0,0.0,0.0,352909.023809524,795.59,259025.83,486075.06,0.0,60089.4,0.0,0.0,0.0,0.0,0.0,0.0,693160.5,0.0,0.0,0.0,1965220.95380952,2013
2013-08-01,0.0,0.0,405352.22,0.0,0.0,0.0,0.0,359346.0,3677.0,221433.2,347066.11,0.0,58972.06,0.0,0.0,146366.33,0.0,0.0,0.0,505133.44,0.0,0.0,0.0,2047346.36,2013
2013-09-01,0.0,305.0,172130.08,0.0,0.0,0.0,0.0,394985.890476191,0.0,300794.99,373303.31,0.0,83693.28,0.0,0.0,172152.585,0.0,0.0,0.0,803626.98,0.0,0.0,0.0,2300992.11547619,2013
2013-10-01,0.0,889.0,171722.79,0.0,0.0,0.0,0.0,415869.338095238,3626.98,281168.85,372946.33,0.0,133623.6,0.0,0.0,0.0,0.0,0.0,0.0,980327.98,0.0,0.0,0.0,2360174.86809524,2013
2013-11-01,0.0,152.0,202139.43,0.0,0.0,0.0,0.0,425669.238571429,797.21,390941.15,496029.72,0.0,5319.12,0.0,0.0,169752.495,0.0,0.0,0.0,903218.47,0.0,0.0,0.0,2594018.83357143,2013
2013-12-01,0.0,152.0,150330.46,0.0,0.0,0.0,0.0,452414.083809524,0.0,210096.78,358799.64,0.0,98883.1,0.0,0.0,0.0,0.0,0.0,0.0,791698.89,0.0,0.0,0.0,2062374.95380952,2013
2014-01-01,0.0,2238.0,117010.52,0.0,0.0,0.0,0.0,371888.725714286,1465.0,487880.79,457365.46,0.0,109091.19,0.0,0.0,149806.14,0.0,0.0,0.0,1595698.56,0.0,0.0,0.0,3292444.38571429,2014
2014-02-01,0.0,6093.8,116368.88,0.0,0.0,0.0,0.0,336845.185714286,0.0,312423.86,455726.06,0.0,80162.42,0.0,0.0,0.0,0.0,0.0,0.0,688703.18,0.0,0.0,0.0,1996323.38571429,2014
2014-03-01,0.0,639.0,407270.41,0.0,0.0,0.0,0.0,358755.833333333,3392.28,472437.63,582572.93,0.0,46120.4,0.0,0.0,330016.665,0.0,0.0,0.0,1147182.5,0.0,0.0,0.0,3348387.64833333,2014
2014-04-01,0.0,2349.7,332419.3,0.0,0.0,0.0,0.0,466766.952380952,1570.1,207049.0,270302.22,0.0,72947.78,0.0,0.0,6993.03,0.0,0.0,0.0,845051.33,0.0,0.0,0.0,2205449.41238095,2014
2014-05-01,0.0,2000.03,246105.2,0.0,0.0,0.0,0.0,554784.323809524,4644.98,417767.24,563319.79,0.0,175257.51,0.0,0.0,327251.705,0.0,0.0,0.0,1008148.07,0.0,0.0,0.0,3299278.84880952,2014
2014-06-01,0.0,5469.6,286478.99,0.0,0.0,0.0,0.0,359135.620952381,0.0,247114.99,404603.55,0.0,67873.76,0.0,0.0,0.0,0.0,0.0,0.0,694920.68,0.0,0.0,0.0,2065597.19095238,2014
2014-07-01,0.0,3399.7,167316.42,0.0,0.0,0.0,0.0,417570.341428571,0.0,454196.13,558403.41,0.0,66309.97,0.0,0.0,0.0,0.0,0.0,0.0,845875.86,0.0,0.0,0.0,2513071.83142857,2014
2014-08-01,0.0,1736.4,477014.48,0.0,0.0,0.0,0.0,416068.29952381,356.6,305285.53,398563.48,0.0,170401.29,0.0,0.0,151264.465,0.0,0.0,0.0,760353.37,0.0,0.0,0.0,2681043.91452381,2014
2014-09-01,0.0,2799.1,368203.04,0.0,0.0,0.0,0.0,408998.932857143,358.6,378741.56,547486.22,0.0,13079.9,0.0,0.0,0.0,0.0,0.0,0.0,598145.89,0.0,0.0,0.0,2317813.24285714,2014
2014-10-01,0.0,3367.86,230129.08,0.0,0.0,0.0,0.0,314868.886666667,4466.9,256340.49,379572.07,0.0,20828.7,0.0,0.0,161718.04,0.0,0.0,0.0,762763.24,0.0,0.0,0.0,2134055.26666667,2014
2014-11-01,0.0,4294.61,243197.44,0.0,0.0,0.0,0.0,487343.723333333,0.0,372809.93,533524.4,0.0,79078.42,0.0,0.0,0.0,0.0,0.0,0.0,1033873.16,0.0,0.0,0.0,2754121.68333333,2014
2014-12-01,0.0,48364.5,91348.4,0.0,0.0,0.0,0.0,380185.962857143,27979.07,491072.11,583081.57,0.0,124619.87,0.0,0.0,152365.73,0.0,0.0,0.0,1004032.65,0.0,0.0,0.0,2903049.86285714,2014
2015-01-01,0.0,142.9,245584.89,0.0,0.0,0.0,0.0,523352.308571429,0.0,371420.59,471973.3,0.0,19111.3,0.0,0.0,148594.27,0.0,0.0,0.0,1324421.96,0.0,0.0,0.0,3104601.51857143,2015
2015-02-01,0.0,3349.05,162224.95,0.0,0.0,0.0,0.0,421268.222380952,0.0,548714.53,664315.85,0.0,170853.82,0.0,0.0,0.0,0.0,0.0,0.0,955286.02,0.0,0.0,0.0,2926012.44238095,2015
2015-03-01,0.0,8319.11,280843.31,0.0,0.0,0.0,0.0,497168.595238095,0.0,453536.19,622883.1,0.0,90955.77,0.0,0.0,164423.325,0.0,0.0,0.0,1164885.97,0.0,0.0,0.0,3283015.3702381,2015
2015-04-01,0.0,15358.33,304405.66,0.0,0.0,0.0,0.0,519603.836190476,0.0,537064.59,599558.55,0.0,108382.5,0.0,0.0,0.0,0.0,0.0,0.0,1130870.79,0.0,0.0,0.0,3215244.25619048,2015
2015-05-01,0.0,33380.56,375606.55,0.0,0.0,0.0,0.0,415890.34047619,0.0,534049.28,618319.21,0.0,58745.67,0.0,0.0,163409.4,0.0,0.0,0.0,954782.75,0.0,0.0,0.0,3154183.76047619,2015
2015-06-01,0.0,10275.34,336491.48,0.0,0.0,0.0,0.0,526358.476190476,0.0,394824.33,525280.85,0.0,100499.13,0.0,0.0,162807.81,0.0,0.0,0.0,862071.77,0.0,0.0,0.0,2918609.18619048,2015
2015-07-01,0.0,2723.8,235587.32,0.0,0.0,0.0,0.0,411971.431428571,0.0,519374.15,616269.01,0.0,123496.73,0.0,0.0,0.0,0.0,0.0,0.0,1149630.43,0.0,0.0,0.0,3059052.87142857,2015
2015-08-01,0.0,3047.6,348192.53,0.0,0.0,0.0,0.0,561563.809523809,0.0,328552.07,467373.13,0.0,119764.65,0.0,0.0,165284.13,0.0,0.0,0.0,919285.9,0.0,0.0,0.0,2913063.81952381,2015
2015-09-01,0.0,74.88,513707.26,0.0,0.0,0.0,0.0,480268.885714286,0.0,485906.49,576250.29,0.0,147445.06,0.0,0.0,0.0,0.0,0.0,0.0,754068.77,0.0,0.0,0.0,2957721.63571429,2015
2015-10-01,0.0,571.4,250054.86,0.0,0.0,0.0,0.0,423239.36,11536.58,432666.75,533620.64,0.0,135724.25,0.0,0.0,148515.29,0.0,0.0,0.0,1163425.95,0.0,0.0,0.0,3099355.08,2015
2015-11-01,0.0,11175.83,263741.4,0.0,0.0,0.0,0.0,637316.476190476,0.0,574547.76,724273.97,0.0,184093.93,0.0,0.0,0.0,0.0,0.0,0.0,904700.42,0.0,0.0,0.0,3299849.78619048,2015
2015-12-01,0.0,640.37,208710.54,0.0,0.0,0.0,0.0,500684.285714286,0.0,319329.71,498798.79,0.0,116266.75,0.0,0.0,148507.37,0.0,0.0,0.0,1113876.28,0.0,0.0,0.0,2906814.09571429,2015
2016-01-01,0.0,27449.2,178437.6,0.0,104377.6,0.0,0.0,748970.638095238,0.0,546876.54,729211.43,0.0,16000.0,0.0,0.0,162512.735,0.0,0.0,0.0,987507.78,0.0,0.0,0.0,3501343.52309524,2016
2016-02-01,0.0,0.0,370085.96,0.0,117800.1,0.0,0.0,287337.738095238,0.0,424074.81,405559.45,0.0,24900.0,0.0,0.0,0.0,0.0,0.0,0.0,1167227.96,0.0,0.0,0.0,2796986.01809524,2016
2016-03-01,0.0,2716.52,264193.1,0.0,111203.62,0.0,0.0,504451.071428571,25081.9,508542.18,771024.11,0.0,13000.0,0.0,0.0,181497.47,0.0,0.0,0.0,1498844.95,0.0,0.0,0.0,3880554.92142857,2016
2016-04-01,0.0,4428.6,269518.34,0.0,59681.73,0.0,0.0,587482.69047619,0.0,527083.64,502728.88,0.0,16000.0,0.0,0.0,161331.885,0.0,0.0,0.0,1137213.1,0.0,0.0,0.0,3265468.86547619,2016
2016-05-01,0.0,1714.3,495459.41,0.0,97343.58,0.0,0.0,416912.471428571,0.0,528347.81,615900.31,0.0,19000.0,0.0,0.0,0.0,0.0,0.0,0.0,1035544.08,0.0,0.0,0.0,3210221.96142857,2016
2016-06-01,0.0,2142.9,400963.62,0.0,81862.33,0.0,0.0,703319.233333333,0.0,397477.4,502082.45,0.0,16000.0,0.0,0.0,0.0,0.0,0.0,0.0,800222.53,0.0,0.0,0.0,2904070.46333333,2016
2016-07-01,0.0,0.0,127905.46,0.0,108804.2,0.0,0.0,455823.142857143,0.0,526652.73,618366.1,0.0,22000.0,0.0,0.0,181500.0,0.0,0.0,0.0,859222.62,0.0,0.0,0.0,2900274.25285714,2016
2016-08-01,0.0,428.6,246976.3,0.0,147462.11,0.0,0.0,588310.542857143,285.0,512202.57,625218.9,0.0,20000.0,0.0,0.0,181492.85,0.0,0.0,0.0,701185.75,0.0,0.0,0.0,3023562.62285714,2016
2016-09-01,0.0,1571.4,188931.32,0.0,94858.75,0.0,0.0,306543.409523809,0.0,567786.57,677892.97,0.0,17000.0,0.0,0.0,0.0,0.0,0.0,0.0,1274128.31,0.0,0.0,0.0,3128712.72952381,2016
2016-10-01,0.0,1428.6,62511.8,0.0,81839.62,0.0,0.0,717388.566666667,0.0,455850.76,546154.65,0.0,26173.0,0.0,0.0,0.0,0.0,0.0,0.0,927923.5,0.0,0.0,0.0,2819270.49666667,2016
2016-11-01,0.0,4142.9,304552.31,0.0,95032.9,0.0,0.0,505975.976190476,6444.2,476784.16,725548.16,0.0,13197.0,0.0,0.0,165005.5,0.0,0.0,0.0,957656.05,0.0,0.0,0.0,3254339.15619048,2016
2016-12-01,0.0,3857.0,306550.7693,0.0,158719.36,0.0,0.0,584807.190476191,0.0,473659.59,526573.96,0.0,31039.2,0.0,0.0,160560.675,0.0,0.0,0.0,1303735.78,0.0,0.0,0.0,3549503.52477619,2016
2017-01-01,0.0,3190.0,213661.5,0.0,33917.24,0.0,0.0,567345.820952381,0.0,527564.9,748233.58,0.0,0.0,0.0,0.0,0.0,0.0,0.0,72.29,842993.49,0.0,0.0,0.0,2936978.82095238,2017
2017-02-01,0.0,714.3,72649.78,0.0,152952.2,0.0,0.0,279527.225238095,21844.81,469140.06,497707.41,0.0,1040.0,0.0,0.0,0.0,0.0,0.0,0.0,844676.98,0.0,0.0,0.0,2340252.76523809,2017
2017-03-01,0.0,3142.9,376955.72,0.0,75312.22,0.0,0.0,780048.586147619,3505.27,608144.98,734984.24,0.0,0.0,0.0,0.0,388055.94,0.0,0.0,72.29,1351787.92,0.0,0.0,0.0,4322010.06614762,2017
2017-04-01,0.0,1285.71,106518.75,0.0,154934.13,0.0,0.0,530578.142857143,508.27,681303.11,632843.41,0.0,0.0,0.0,0.0,404822.975,0.0,0.0,72.29,1406022.43,0.0,0.0,0.0,3918889.21785714,2017
2017-05-01,0.0,1285.71,160374.5,0.0,105375.23,0.0,0.0,604702.550952381,3193.64,386088.18,442311.09,0.0,0.0,0.0,0.0,0.0,0.0,0.0,72.29,889926.86,0.0,0.0,0.0,2593330.05095238,2017
2017-06-01,0.0,1428.57,191218.23,0.0,48933.84,0.0,0.0,487244.190476191,367.94,519389.66,582374.34,0.0,0.0,0.0,0.0,182141.85,0.0,0.0,72.29,902659.0,0.0,0.0,0.0,2915829.91047619,2017
2017-07-01,0.0,1857.14,85356.63,0.0,54997.21,0.0,0.0,510428.143333333,0.0,433026.08,769214.06,0.0,0.0,0.0,0.0,0.0,0.0,0.0,0.0,994338.3,0.0,0.0,0.0,2849217.56333333,2017
2017-08-01,0.0,3269.86,44448.27,0.0,76542.18,0.0,0.0,538582.141904762,666.23,592103.31,607368.72,0.0,0.0,0.0,0.0,583079.685,0.0,0.0,144.57,846696.35,0.0,0.0,0.0,3292901.31690476,2017
2017-09-01,0.0,3857.14,218358.99,0.0,125724.44,0.0,0.0,350294.571428571,0.0,316435.22,401678.98,0.0,0.0,0.0,0.0,0.0,0.0,0.0,72.29,925397.87,0.0,0.0,0.0,2341819.50142857,2017
2017-10-01,0.0,5286.19,219812.14,0.0,132304.57,0.0,0.0,584709.608571429,6925.95,574073.61,657241.76,0.0,0.0,0.0,0.0,167584.01,0.0,0.0,0.0,740198.57,0.0,0.0,0.0,3088136.40857143,2017
2017-11-01,0.0,10880.53,127575.05,0.0,24435.17,0.0,0.0,935986.509047619,0.0,434963.36,504247.31,0.0,0.0,0.0,0.0,0.0,0.0,0.0,72.29,1135350.1,0.0,0.0,0.0,3173510.31904762,2017
2017-12-01,0.0,3150.02,56960.0,0.0,80037.74,0.0,0.0,595421.432857143,4729.14,679441.47,803216.88,0.0,0.0,0.0,0.0,155599.015,0.0,0.0,72.29,1305047.55,0.0,0.0,0.0,3683675.53785714,2017
2018-01-01,0.0,5302.14,134033.14,0.0,92894.94,1153831.89,21987.53,396363.05,0.0,571858.06,535784.7,0.0,0.0,0.0,0.0,0.0,0.0,0.0,78.78,0.0,0.0,0.0,0.0,2912134.23,2018
2018-02-01,0.0,3721.91,85318.21,0.0,52337.76,921684.12,29946.48,591000.02047619,0.0,509366.1,629467.91,0.0,0.0,0.0,0.0,407070.3,0.0,0.0,0.37,0.0,0.0,0.0,0.0,3229913.18047619,2018
2018-03-01,0.0,6182.35,84988.82,0.0,23906.14,889227.1,12064.95,644245.403333333,15747.16,563899.06,529507.15,0.0,0.0,0.0,0.0,418762.45,0.0,0.0,74.03,0.0,0.0,0.0,0.0,3188604.61333333,2018
2018-04-01,0.0,1877.72,219805.45,0.0,70906.87,696962.77,0.0,188590.813333333,0.0,510830.0,617512.28,0.0,0.0,0.0,0.0,0.0,0.0,0.0,72.29,0.0,0.0,0.0,0.0,2306558.19333333,2018
2018-05-01,0.0,4300.0,111460.41,0.0,72992.51,1592580.34,38055.3,636234.130952381,0.0,580825.11,580329.35,0.0,0.0,0.0,0.0,327075.21,0.0,0.0,6.96,0.0,0.0,0.0,0.0,3943859.32095238,2018
2018-06-01,0.0,6413.0,130426.6,0.0,34249.65,777679.91,0.0,618811.331904762,21208.26,463620.61,558257.59,0.0,1000.0,0.0,0.0,0.0,0.0,0.0,144.57,0.0,0.0,0.0,0.0,2611811.52190476,2018
2018-07-01,0.0,8518.71,148012.12,0.0,40811.0,793683.41,0.0,584386.149047619,4005.99,543333.77,784601.77,0.0,0.0,0.0,0.0,385600.49,0.0,0.0,5.84,0.0,0.0,0.0,0.0,3292959.24904762,2018
2018-08-01,0.0,3434.71,214625.41,0.0,81985.47,1281364.78,0.0,408658.634285714,20437.54,663834.04,541557.34,0.0,0.0,0.0,0.0,0.0,0.0,0.0,74.63,0.0,0.0,0.0,0.0,3215972.55428571,2018
2018-09-01,0.0,4473.29,26753.84,0.0,94980.04,896266.43,0.0,449846.763333333,18379.3,454442.87,536897.09,0.0,0.0,0.0,0.0,406985.43,0.0,0.0,0.0,0.0,0.0,0.0,0.0,2889025.05333333,2018
2018-10-01,0.0,4285.71,150085.74,0.0,55219.75,992682.04,6049.0,600230.450476191,2395.3,726044.35,663440.34,0.0,0.0,0.0,0.0,418296.61,0.0,0.0,74.94,0.0,0.0,0.0,0.0,3618804.23047619,2018
2018-11-01,0.0,2584.71,65312.15,0.0,52310.24,899588.34,39035.84,598626.15984127,0.0,534084.49,509382.86,0.0,0.0,0.0,0.0,244787.0,0.0,0.0,73.85,0.0,0.0,0.0,0.0,2945785.63984127,2018
2018-12-01,0.0,2588.13,84669.38,0.0,87868.41,792198.66,0.0,614887.003809524,0.0,535639.97,631652.56,0.0,0.0,0.0,0.0,438155.24,0.0,0.0,83.27,0.0,0.0,0.0,0.0,3187742.62380952,2018
2019-01-01,16541.29811,3058.43,196719.1,334.0,59152.84,1195728.2,0.0,414086.116666667,15399.57,702923.37,684504.84,585.91429,0.0,475.49,350.92,208276.69,0.0,7282.59,0.41,0.0,0.0,0.0,0.0,3505419.77906667,2019
2019-02-01,21619.9862143,8794.74,100485.14,307.6,101570.62,1208476.16,0.0,460518.796666667,1801.96,469437.28,521555.38,545.97,0.0,1911.93,342.55,279583.39,0.0,11978.35,144.57,0.0,0.0,0.0,0.0,3189074.42288097,2019
2019-03-01,17980.15,10715.12,109888.23,426.69,118678.8,1550052.84,0.0,384425.564761905,0.0,678145.38,704276.53,996.49,0.0,2170.21,0.0,256490.0,0.0,4717.69,80.58,0.0,0.0,0.0,0.0,3839044.27476191,2019
2019-04-01,17450.334,3114.36,280702.33,512.67,76765.06,1215209.05,39866.57,670633.919047619,14371.63,867761.34,656495.95,477.01127,0.0,1944.32,0.0,276252.72,0.0,5112.74,147.59,0.0,0.0,0.0,0.0,4126817.59431762,2019
2019-05-01,22195.29172,6650.62,103315.2,171.98,59987.32,1011872.87,0.0,623466.218509524,0.0,596798.22,568128.41,489.43416,0.0,2658.48,0.0,485520.18,0.0,6263.91,82.01,0.0,0.0,0.0,0.0,3487600.14438952,2019
2019-06-01,22041.4951571,4484.73,346048.3,507.79,68548.57,1029100.9,0.0,612732.274761905,13290.5,712731.8,629788.43,225.87494,0.0,0.0,0.0,256057.52,0.0,9967.36,0.0,0.0,0.0,0.0,0.0,3705525.544859,2019
2019-07-01,20059.59273,19590.13,13652.9,202.29,63368.64,1056569.11,0.0,667486.784761905,0.0,531577.64,516273.85,117.6839,0.0,3134.83,0.0,0.0,0.0,9079.17,75.79,0.0,0.0,0.0,0.0,2901188.4113919,2019
2019-08-01,19268.7133,9374.15,141908.64,404.4,75962.03,1167556.89,0.0,586430.645238095,0.0,896841.31,713859.98,176.82,0.0,952.38,0.0,0.0,0.0,3968.23,7.34,0.0,0.0,0.0,0.0,3616711.52853809,2019
2019-09-01,17011.4728,5473.85,108983.7,557.9,58060.4,717490.02,7551.05,850778.208571429,0.0,518043.68,491194.71,348.21,0.0,166.67,340.1,212326.74,0.0,8867.9,79.33,0.0,0.0,0.0,0.0,2997273.94137143,2019
2019-10-01,19109.12,10751.21,95514.49,107.93,43064.61,1160570.85,35005.92,225207.043333333,0.0,712672.38,691407.73,115.83,0.0,2499.43,0.0,525400.0,0.0,7671.02,1.09,0.0,0.0,0.0,0.0,3529098.65333333,2019
2019-11-01,16108.606,6971.48,84414.64,427.5,56475.66,1122990.69,0.0,610868.119047619,2070.48,791039.02,658706.42,320.44,0.0,2579.15,0.0,0.0,0.0,13551.9,149.09,0.0,0.0,0.0,0.0,3366673.19504762,2019
2019-12-01,27097.0544,5682.6,164276.76,434.83,39148.46,1098972.39,0.0,600003.85047619,0.0,731012.24,797580.75,313.8,39972.88,2899.75,0.0,245057.0,0.0,7373.88,13.01,0.0,0.0,0.0,0.0,3759839.25487619,2019
2020-01-01,19015.04,4205.43,8484.76,596.33,64745.4,999181.2,34013.75,715600.32,0.0,629414.9,573220.63,721.04,0.0,1647.63,0.0,0.0,0.0,9005.37,148.95,0.0,0.0,0.0,0.0,3060000.75,2020
2020-02-01,21047.21,5960.0,158888.73,237.16,71115.46,1237018.37,12300.92,451331.7,23690.3,741509.07,611314.13,177.68,0.0,2607.12,0.0,849463.41,0.0,8881.49,0.0,0.0,0.0,0.0,0.0,4195542.75,2020
2020-03-01,22930.96,3351.04,262105.89,920.12,116115.4,1367335.14,1991.32,643278.89,0.0,735491.29,809640.18,590.64,0.0,1267.79,0.0,249651.49,0.0,10977.78,0.0,0.0,0.0,0.0,0.0,4225647.93,2020
2020-04-01,21591.95,2443.86,195126.19,756.32,0.0,834366.52,0.0,510349.93,288.62,329134.18,453153.09,363.63,0.0,0.0,0.0,0.0,0.0,6952.78,144.57,0.0,0.0,0.0,0.0,2354671.64,2020
2020-05-01,16064.15,5300.0,77729.35,396.85,0.0,691066.44,2997.1,616381.45,0.0,415805.82,170292.5,507.39,0.0,0.0,0.0,231418.0,0.0,6147.08,72.29,0.0,0.0,0.0,0.0,2234178.42,2020
2020-06-01,15086.16,5451.0,126935.72,280.4,18372.88,1066148.05,48945.91,467664.76,0.0,683322.72,415672.19,364.94,0.0,0.0,259.99,241228.0,0.0,9716.36,0.0,0.0,0.0,0.0,0.0,3099449.08,2020
2020-07-01,24023.78,4142.86,95456.23,0.0,29742.42,779930.57,0.0,675337.54,0.0,451717.75,347541.59,311.23,0.0,0.0,247.67,602780.29,0.0,7703.4,72.29,0.0,0.0,0.0,0.0,3019007.62,2020
2020-08-01,18020.13,3118.87,60562.44,524.4,46730.75,791258.19,7998.76,634320.07,0.0,547899.55,414416.34,393.75,0.0,0.0,1.14,0.0,0.0,4201.86,72.29,0.0,0.0,0.0,0.0,2529518.54,2020
2020-09-01,18803.77,579.76,28529.93,0.0,0.0,1021360.83,0.0,315527.09,2261.75,591799.83,563742.5,329.23,0.0,356.4,0.0,351581.75,0.0,19486.3,72.29,0.0,0.0,0.0,0.0,2914431.43,2020
2020-10-01,25940.04,4594.86,170477.0,519.98,22389.55,891340.69,0.0,960840.53,0.0,861840.54,733692.01,369.36,0.0,0.0,0.38,0.0,0.0,6118.08,72.86,0.0,0.0,0.0,0.0,3678195.88,2020
2020-11-01,24172.72,2720.06,160324.99,339.0,26211.17,1152909.51,44596.07,328603.13,708.35,696600.14,570262.17,388.25,0.0,933.81,60.0,357873.68,0.0,24501.43,0.0,0.0,0.0,0.0,0.0,3391204.48,2020
2020-12-01,24292.17,4862.74,105609.42,287.36,36051.0,1050560.83,0.0,684160.08,176.69,780347.28,777450.55,668.76,0.0,1116.47,7.67,281577.99,0.0,10024.51,144.57,0.0,0.0,0.0,0.0,3757338.09,2020
2021-01-01,32297.51,2857.14,74116.04,158.88,34039.29,1185644.96,1499.38,475619.49,0.0,626537.48,642652.37,559.25,0.0,285.71,0.0,360218.54,0.0,13170.43,0.0,0.0,0.0,0.0,0.0,3449656.47,2021
2021-02-01,25775.47,2944.55,90475.23,597.3,36199.22,1076824.67,1203.34,617783.16,0.0,715261.34,726508.78,469.36,0.0,1941.72,2.85,0.0,0.0,14072.44,0.0,0.0,0.0,0.0,0.0,3310059.43,2021
2021-03-01,39423.46,2766.58,219041.83,329.9,44504.81,1345110.18,13415.05,549815.26,22193.67,772750.01,850334.64,512.05,0.0,1543.65,48.0,232451.5,0.0,3701.67,0.0,0.0,0.0,0.0,0.0,4097942.26,2021
2021-04-01,34386.1,2373.03,134271.99,331.4,60378.83,1250171.58,39568.59,664443.94,0.0,634408.89,1227173.53,944.87,0.0,1008.98,0.0,0.0,191.0,18400.35,0.0,0.0,0.0,0.0,0.0,4068053.08,2021
2021-05-01,46934.14,4002.38,70289.08,907.08,34196.0,1279017.24,0.0,678501.06,0.0,669085.78,649783.14,278.79,0.0,1689.58,3.4,554574.24,0.0,22306.42,0.0,0.0,0.0,0.0,0.0,4011568.33,2021
2021-06-01,29240.6,2746.31,222211.83,418.0,72527.45,1440106.47,1489.69,466658.55,0.0,833544.64,623695.2,407.59,0.0,1762.73,1.56,0.0,937.08,4781.62,0.0,0.0,0.0,0.0,0.0,3700529.32,2021
2021-07-01,35080.77,3825.7,37527.59,474.4,53322.76,1110409.53,23256.67,665263.1,0.0,833732.31,689717.29,204.15,0.0,1315.27,0.0,274703.81,1801.91,14357.33,0.0,0.0,0.0,0.0,0.0,3744992.59,2021
2021-08-01,28578.2,2714.29,105776.21,59.0,47443.21,1175960.64,1888.95,746002.48,3390.96,664522.74,685977.45,236.64,0.0,1237.75,0.0,585160.46,0.0,7124.19,0.0,0.0,0.0,0.0,0.0,4056073.17,2021
2021-09-01,25507.27,2285.9,107267.84,243.6,38914.43,896539.24,0.0,689829.47,0.0,844430.03,646233.31,342.49,0.0,1669.7,28.0,215709.34,0.0,1993.73,0.0,0.0,0.0,0.0,0.0,3470994.35,2021
2021-10-01,21800.64,5087.46,160474.2,764.35,93077.24,1542473.57,41348.99,696346.9,0.0,522701.11,589405.56,229.98,0.0,2395.35,1.51,259087.0,0.0,5945.58,0.0,0.0,0.0,0.0,0.0,3941139.44,2021
2021-11-01,27112.87,5428.57,70030.27,310.23,39207.43,1029780.8,0.0,524186.5,1731.86,692267.31,623392.63,340.01,0.0,887.73,162.26,263869.47,0.0,21329.7,0.0,0.0,0.0,0.0,0.0,3300037.64,2021
2021-12-01,25260.1,4503.81,208358.64,279.14,80357.56,1294042.31,0.0,679415.09,0.0,785313.56,640981.15,266.64,0.0,2212.32,1.04,264644.14,0.0,18835.04,0.0,0.0,0.0,0.0,0.0,4004470.54,2021
2022-01-01,23369.81,3714.29,88967.71,429.11,45177.6,1438571.28,4000.0,657185.7405,24251.44,848902.97,947226.27,6903.32,0.0,2669.51,1.59,579700.89,1014.29,799.03,0.0,0.0,0.0,0.0,0.0,4672884.8505,2022
2022-02-01,30737.35,5046.42,75860.5,690.84,49143.86,1217495.31,0.0,673218.3013,0.0,723925.74,673653.8,1611.77845,0.0,1836.51,0.07,524685.89,1005.96,13256.25,0.0,0.0,0.0,0.0,0.0,3992168.57975,2022
2022-03-01,30889.175,5247.62,166928.38,255.31,101583.78,1246975.12,15098.98,713553.4386,1845.88,772406.1,592318.21,9837.3559,0.0,3969.56,360.06,882244.12,4115.91,4104.41,0.0,0.0,0.0,0.0,0.0,4551733.4095,2022
2022-04-01,29981.76,2333.68,307291.31,412.19,56182.73,1284453.73,4034.55,693964.4,0.0,906104.05,493958.32,5125.908,0.0,2433.83,414.41,527111.79,0.0,1454.76,0.0,0.0,0.0,0.0,0.0,4315257.418,2022
2022-05-01,35466.485521,5298.67,73435.94,403.17,62999.86,1306786.77,9040.11,667272.19,0.0,762776.12,663348.94,8044.94,0.0,1417.46,513.83,245972.0,0.0,13787.34,0.0,0.0,0.0,0.0,0.0,3856563.825521,2022
2022-06-01,34937.44,5571.42,196263.91,395.85,99190.1,1032070.53,24651.72,265773.77,0.0,641348.46,556311.96,1734.67,0.0,2124.98,0.5,527653.4,828.7,6741.23,0.0,0.0,0.0,0.0,0.0,3395598.64,2022
2022-07-01,27423.74,5231.1,86469.36,286.0,55357.83,1116548.97,25727.21,717652.72,1301.96,987872.05,611115.01,4282.76,0.0,2724.66,256.92,0.0,1604.92,10938.76,0.0,0.0,0.0,0.0,0.0,3654793.97,2022
2022-08-01,28517.519335,7714.29,83286.94,25.71,84499.18,1299910.96,0.0,735253.72,13624.43,657942.72,378627.69,3960.933,0.0,2319.45,0.0,872599.58,2090.11,11961.93,0.0,0.0,0.0,0.0,0.0,4182335.162335,2022
2022-09-01,22099.26,9110.51,155992.58,13.1,41793.59,1077517.9,4983.86,421303.205,529.05,869579.64,551589.72,7431.399,0.0,3425.97,0.0,0.0,2264.37,863.08,0.0,0.0,0.0,0.0,0.0,3168497.234,2022
2022-10-01,22298.63429,5157.5,57422.2,510.38,95299.93,980527.08,11260.59,717849.2452,0.0,718920.2,529832.42,5039.05,0.0,2665.57,1.26,771601.46,1255.96,11141.07,0.0,0.0,0.0,0.0,0.0,3930782.54949,2022
2022-11-01,22426.83,7548.75,155269.41,0.0,55258.65,1136760.55,9941.91,691237.42,0.0,754135.86,595870.42,9769.41,0.0,2338.28,43.09,684517.29,1431.0,15257.34,0.0,0.0,0.0,0.0,0.0,4141806.21,2022
2022-12-01,23211.020794,8157.14,223806.31,13.0,60626.66,1082107.64,9888.12,671444.6052,2335.55,841323.98,602458.3,8196.93625,0.0,2710.39,380.64,275120.84,0.0,1843.78,0.0,0.0,0.0,0.0,0.0,3813624.912244,2022
2023-01-01,25028.49,11654.23,132458.17,7.86,65808.97,1442099.08,45074.97,497780.69,0.0,909391.13,578792.14,2240.05,0.0,3247.22,6.32,0.0,215.0,4491.66,0.0,0.0,0.0,0.0,0.0,3718295.98,2023
2023-02-01,23565.09,25564.76,123451.93,152.0,154166.84,1267967.39,0.0,652984.71,24776.42,725101.2,685183.06,288.59,0.0,2439.59,248.44,870158.29,212.9,21630.09,0.0,0.0,0.0,0.0,0.0,4577891.3,2023
2023-03-01,30789.61,128594.46,149590.82,-1.0,66515.19,1317519.91,4985.21,711978.35,0.0,803262.67,633849.05,497.5,0.0,4212.34,330.59,249231.0,1474.0,12599.78,0.0,0.0,0.0,0.0,0.0,4115430.48,2023
2023-04-01,25001.96,119761.46,134010.55,86.43,123298.87,1417182.73,21503.98,647666.3,1840.46,922032.39,572201.36,385.39,0.0,1713.96,40.0,0.0,1811.06,19941.64,0.0,0.0,0.0,0.0,0.0,4008478.54,2023
2023-05-01,30440.94,171826.96,234819.33,6.0,94150.63,1428099.62,15047.82,713348.99,0.0,947633.29,668478.73,619.65,0.0,2727.5,388.51,525292.8,621.0,16858.33,0.0,0.0,0.0,0.0,0.0,4850360.1,2023
